{"farClipRatio":20.0,"fov":45.0,"nearClipRatio":0.005,"projectionMode":"Perspective","viewMat":[-0.876987993717194,0.27200922369957,-0.396107584238052,1.43207550048828,-0.343344330787659,-0.931441366672516,0.120543867349625,-0.272920340299606,-0.336162179708481,0.241716265678406,0.910256206989288,-4.2066593170166,0.0,0.0,0.0,1.0]}