{"farClipRatio":20.0,"fov":45.0,"nearClipRatio":0.005,"projectionMode":"Perspective","viewMat":[-0.00306151178665459,-0.999994814395905,-1.2000222149311e-08,3.10503196716309,0.999960005283356,-0.00306074833497405,0.008293223567307,-0.534417331218719,-0.00829319003969431,2.54135520663112e-05,0.999964654445648,-8.40665817260742,0.0,0.0,0.0,1.0]}