{"farClipRatio":20.0,"fov":45.0,"nearClipRatio":0.005,"projectionMode":"Perspective","viewMat":[0.999992489814758,-0.00362743600271642,-1.44921319389368e-08,1.97798764705658,0.00362426484934986,0.998981952667236,0.0449604913592339,-0.991110563278198,-0.000162821699632332,-0.0449603348970413,0.998988568782806,-5.20666217803955,0.0,0.0,0.0,1.0]}