{"farClipRatio":20.0,"fov":45.0,"nearClipRatio":0.005,"projectionMode":"Perspective","viewMat":[-0.996873319149017,-0.0790165364742279,1.8268362378393e-09,-0.0861635282635689,0.022366464138031,-0.282175064086914,0.9591024518013,-0.047696478664875,-0.0757848918437958,0.956103026866913,0.283060610294342,-3.00665926933289,0.0,0.0,0.0,1.0]}