{"farClipRatio":20.0,"fov":45.0,"nearClipRatio":0.005,"projectionMode":"Perspective","viewMat":[-0.695698499679565,0.718333840370178,-1.65500946280872e-08,-1.81949710845947,-0.349637925624847,-0.338619828224182,0.873550415039062,-0.705033540725708,0.627500653266907,0.607727408409119,0.486733585596085,-5.80666160583496,0.0,0.0,0.0,1.0]}