{"farClipRatio":20.0,"fov":45.0,"nearClipRatio":0.005,"projectionMode":"Perspective","viewMat":[-0.572918713092804,0.819612145423889,-1.65878972779865e-08,-1.81949710845947,-0.452061623334885,-0.315996259450912,0.834138333797455,-0.705033540725708,0.68366950750351,0.477893620729446,0.551554977893829,-5.20666217803955,0.0,0.0,0.0,1.0]}