{"farClipRatio":20.0,"fov":45.0,"nearClipRatio":0.005,"projectionMode":"Perspective","viewMat":[0.998961567878723,-0.0455398745834827,1.77762959907568e-09,-0.826415002346039,0.0289368517696857,0.634758830070496,0.772165894508362,0.0171582046896219,-0.0351642966270447,-0.771364212036133,0.635418593883514,-3.60665988922119,0.0,0.0,0.0,1.0]}