{"farClipRatio":20.0,"fov":45.0,"nearClipRatio":0.005,"projectionMode":"Perspective","viewMat":[0.966792583465576,0.25556007027626,-1.75603798169277e-08,1.38490545749664,-0.106809072196484,0.404063165187836,0.908471941947937,-0.221983939409256,0.232169821858406,-0.878305017948151,0.417941749095917,-3.80665946006775,0.0,0.0,0.0,1.0]}