{"farClipRatio":20.0,"fov":45.0,"nearClipRatio":0.005,"projectionMode":"Perspective","viewMat":[0.997787833213806,-0.0664707645773888,-2.31562635732985e-09,1.04213809967041,0.0636196732521057,0.954990863800049,0.289727866649628,-0.208711355924606,-0.0192584954202175,-0.289087027311325,0.957107663154602,-3.80666089057922,0.0,0.0,0.0,1.0]}