{"farClipRatio":20.0,"fov":45.0,"nearClipRatio":0.005,"projectionMode":"Perspective","viewMat":[0.999959766864777,0.00895138829946518,-2.61472887785885e-09,0.0238993670791388,-0.00894470047205687,0.999210953712463,-0.0386710166931152,-0.0260162577033043,-0.000346227345289662,0.038669478148222,0.999251127243042,-5.60666084289551,0.0,0.0,0.0,1.0]}