{"farClipRatio":20.0,"fov":45.0,"nearClipRatio":0.005,"projectionMode":"Perspective","viewMat":[-0.97710132598877,0.212763011455536,-2.03454728620045e-08,0.431446552276611,-0.211845874786377,-0.972889423370361,-0.0927465707063675,-0.0065040597692132,-0.0197331085801125,-0.0906235426664352,0.995687663555145,-3.00665926933289,0.0,0.0,0.0,1.0]}