{"farClipRatio":20.0,"fov":45.0,"nearClipRatio":0.005,"projectionMode":"Perspective","viewMat":[-0.982146739959717,0.188117504119873,1.16642320802107e-10,0.594968497753143,-0.187750190496445,-0.980229079723358,0.0624537393450737,-0.182113856077194,0.011748637072742,0.0613387264311314,0.998047649860382,-3.00665926933289,0.0,0.0,0.0,1.0]}