{"farClipRatio":20.0,"fov":45.0,"nearClipRatio":0.005,"projectionMode":"Perspective","viewMat":[0.999694347381592,-0.0245886445045471,5.27663202021245e-09,0.4820696413517,0.0240187961608171,0.976520478725433,-0.214066118001938,-1.04816436767578,0.00526344263926148,0.214001581072807,0.976816654205322,-1.80665993690491,0.0,0.0,0.0,1.0]}