{"farClipRatio":20.0,"fov":45.0,"nearClipRatio":0.005,"projectionMode":"Perspective","viewMat":[-0.845857799053192,0.533404886722565,-9.94048732216868e-10,0.684964537620544,-0.289589315652847,-0.4592225253582,0.839792490005493,-0.645335555076599,0.447950005531311,0.710347235202789,0.542905807495117,-5.40666103363037,0.0,0.0,0.0,1.0]}