{"farClipRatio":20.0,"fov":45.0,"nearClipRatio":0.005,"projectionMode":"Perspective","viewMat":[-0.726491987705231,0.687170565128326,-6.96408353206834e-09,1.92647409439087,-0.277000963687897,-0.292852222919464,0.915152490139008,-1.01715111732483,0.628865540027618,0.664853394031525,0.40310275554657,-5.80666065216064,0.0,0.0,0.0,1.0]}