{"farClipRatio":20.0,"fov":45.0,"nearClipRatio":0.005,"projectionMode":"Perspective","viewMat":[-0.845857381820679,0.533403754234314,-8.93792062583998e-09,1.92647409439087,-0.188256308436394,-0.298532515764236,0.935646414756775,-1.01715111732483,0.499076426029205,0.791425287723541,0.352933377027512,-5.80666065216064,0.0,0.0,0.0,1.0]}