{"farClipRatio":20.0,"fov":45.0,"nearClipRatio":0.005,"projectionMode":"Perspective","viewMat":[0.989685475826263,0.143255531787872,-1.77289571912098e-10,-0.111874990165234,-0.0289802998304367,0.200211316347122,0.979324162006378,-0.38444447517395,0.140293627977371,-0.969223737716675,0.20229797065258,-7.3999981880188,0.0,0.0,0.0,1.0]}