{"farClipRatio":20.0,"fov":45.0,"nearClipRatio":0.005,"projectionMode":"Perspective","viewMat":[0.996526896953583,-0.0832740813493729,-7.28926224935478e-11,-0.0718750059604645,-0.00432423735037446,-0.0517469570040703,0.998651027679443,-0.264444380998611,-0.0831618010997772,-0.995182693004608,-0.0519273616373539,-1.80665898323059,0.0,0.0,0.0,1.0],"windowHeight":1080,"windowWidth":1920}