{"farClipRatio":20.0,"fov":45.0,"nearClipRatio":0.005,"projectionMode":"Perspective","viewMat":[0.0,1.0,-0.0,-0.0,-0.0665190145373344,0.0,0.997785151004791,-0.0,0.997785151004791,-0.0,0.0665190145373344,-3.00665926933289,0.0,0.0,0.0,1.0],"windowHeight":1040,"windowWidth":948}