{"farClipRatio":20.0,"fov":45.0,"nearClipRatio":0.005,"projectionMode":"Perspective","viewMat":[0.939383983612061,0.342862844467163,2.03072073046151e-10,-0.0443749874830246,-0.0976452305912971,0.267531126737595,0.958588302135468,-0.620000064373016,0.328664004802704,-0.9004847407341,0.284793198108673,-6.8066577911377,0.0,0.0,0.0,1.0],"windowHeight":1080,"windowWidth":1920}