{"farClipRatio":20.0,"fov":45.0,"nearClipRatio":0.005,"projectionMode":"Perspective","viewMat":[-0.0694438144564629,-0.459481358528137,0.885467767715454,-0.701250016689301,-0.642640173435211,0.699503779411316,0.312582671642303,-0.471111118793488,-0.763014495372772,-0.547331213951111,-0.343858391046524,-4.20665979385376,0.0,0.0,0.0,1.0],"windowHeight":1080,"windowWidth":1920}