{"farClipRatio":20.0,"fov":45.0,"nearClipRatio":0.005,"projectionMode":"Perspective","viewMat":[0.0,1.0,0.0,1.54499959945679,-0.0665190145373344,0.0,0.997785151004791,-0.420000016689301,0.997785151004791,0.0,0.0665190145373344,-3.60666131973267,0.0,0.0,0.0,1.0],"windowHeight":214,"windowWidth":123}
