{"farClipRatio":20.0,"fov":45.0,"nearClipRatio":0.005,"projectionMode":"Perspective","viewMat":[0.999041855335236,-0.0437365174293518,3.32400273972411e-10,-0.106874957680702,0.00741535751149058,0.169384717941284,0.985522985458374,-0.75777792930603,-0.0431033447384834,-0.984578788280487,0.169546857476234,-6.79999971389771,0.0,0.0,0.0,1.0]}