{"farClipRatio":20.0,"fov":45.0,"nearClipRatio":0.005,"projectionMode":"Perspective","viewMat":[0.981287479400635,0.192539647221565,-2.49890685921628e-09,-1.42062485218048,-0.0507374815642834,0.258586376905441,0.964655041694641,-0.362222224473953,0.185734584927559,-0.946604669094086,0.26351734995842,-4.0,0.0,0.0,0.0,1.0]}