{"farClipRatio":20.0,"fov":45.0,"nearClipRatio":0.005,"projectionMode":"Perspective","viewMat":[0.990321457386017,0.138790920376778,3.66090158188115e-10,-0.462610810995102,-0.138507276773453,0.988298177719116,0.0639144629240036,-0.567735075950623,0.00887077860534191,-0.063296303153038,0.997955560684204,-3.39999985694885,0.0,0.0,0.0,1.0]}