{"farClipRatio":20.0,"fov":45.0,"nearClipRatio":0.005,"projectionMode":"Perspective","viewMat":[0.999999940395355,-1.74845553146952e-07,3.82137093032941e-15,-0.00937497895210981,3.82137093032941e-15,4.37113882867379e-08,1.0,-0.0888888537883759,-1.74845553146952e-07,-1.0,4.37113882867379e-08,-0.999999701976776,0.0,0.0,0.0,1.0],"windowHeight":1080,"windowWidth":1920}