{"farClipRatio":20.0,"fov":45.0,"nearClipRatio":0.005,"projectionMode":"Perspective","viewMat":[0.999997794628143,-3.04680725093931e-11,-0.00209633959457278,4.78616380691528,1.65631863637827e-05,0.999969184398651,0.00789977796375751,1.162766456604,0.00209625880233943,-0.00789971649646759,0.999967038631439,-10.206654548645,0.0,0.0,0.0,1.0]}