{"farClipRatio":20.0,"fov":45.0,"nearClipRatio":0.005,"projectionMode":"Perspective","viewMat":[0.999828040599823,-0.0183019638061523,1.54425949805415e-09,0.138365164399147,0.00796155724674463,0.434950888156891,0.900408029556274,-0.0522185415029526,-0.0164782535284758,-0.900259017944336,0.435024529695511,-4.60665941238403,0.0,0.0,0.0,1.0]}