{"farClipRatio":20.0,"fov":45.0,"nearClipRatio":0.005,"projectionMode":"Perspective","viewMat":[0.993293404579163,0.115610547363758,-1.69412555095505e-08,1.43207538127899,-0.0268710758537054,0.230870887637138,0.972610950469971,-0.564075112342834,0.112444564700127,-0.966089963912964,0.232429385185242,-2.00665903091431,0.0,0.0,0.0,1.0]}