{"farClipRatio":20.0,"fov":45.0,"nearClipRatio":0.005,"projectionMode":"Perspective","viewMat":[0.993294656276703,0.115610659122467,-2.83122062683105e-07,1.53770041465759,-0.0268712043762207,0.230872318148613,0.972612917423248,-0.62740832567215,0.112444490194321,-0.966091215610504,0.232430785894394,-2.00665903091431,0.0,0.0,0.0,1.0]}