{"farClipRatio":20.0,"fov":45.0,"nearClipRatio":0.005,"projectionMode":"Perspective","viewMat":[0.94306880235672,-0.332597762346268,-1.34110450744629e-07,1.56300723552704,0.169527441263199,0.480688452720642,0.860348224639893,-0.267730116844177,-0.286149799823761,-0.811367630958557,0.509706795215607,-4.60665893554688,0.0,0.0,0.0,1.0]}