{"farClipRatio":20.0,"fov":45.0,"nearClipRatio":0.005,"projectionMode":"Perspective","viewMat":[0.943067908287048,-0.332597494125366,-1.98843022047868e-08,1.38113224506378,0.169526919722557,0.480686724185944,0.860346734523773,-0.124396800994873,-0.286149263381958,-0.811366558074951,0.509705185890198,-4.60665893554688,0.0,0.0,0.0,1.0]}