{"farClipRatio":20.0,"fov":45.0,"nearClipRatio":0.005,"projectionMode":"Perspective","viewMat":[0.998056590557098,-0.0623127892613411,-2.29919794314526e-09,1.1090133190155,0.0603258572518826,0.966233551502228,0.250504672527313,-0.396489143371582,-0.0156096937134862,-0.250018119812012,0.968114256858826,-3.80666089057922,0.0,0.0,0.0,1.0]}