{"farClipRatio":20.0,"fov":45.0,"nearClipRatio":0.005,"projectionMode":"Perspective","viewMat":[-0.941254734992981,0.337701141834259,-2.78158580613308e-07,2.22270107269287,-0.10496486723423,-0.292562007904053,0.950469195842743,-1.17074191570282,0.320974260568619,0.894633769989014,0.310821801424026,-6.80665826797485,0.0,0.0,0.0,1.0]}