{"farClipRatio":20.0,"fov":45.0,"nearClipRatio":0.005,"projectionMode":"Perspective","viewMat":[-0.965557336807251,0.260194271802902,-2.77527220760021e-07,2.47645020484924,-0.106919571757317,-0.396768689155579,0.911671757698059,-1.29963064193726,0.237211480736732,0.880272448062897,0.41092237830162,-6.80665826797485,0.0,0.0,0.0,1.0]}