{"farClipRatio":20.0,"fov":45.0,"nearClipRatio":0.005,"projectionMode":"Perspective","viewMat":[0.978377342224121,0.206829011440277,1.5704022526819e-09,-0.37562507390976,-0.00153212051372975,0.00724721001461148,0.999972939491272,-0.46555569767952,0.206823542714119,-0.978350043296814,0.00740745756775141,-3.0,0.0,0.0,0.0,1.0]}