{"farClipRatio":20.0,"fov":45.0,"nearClipRatio":0.005,"projectionMode":"Perspective","viewMat":[0.999945402145386,0.0104163605719805,2.93990964905788e-09,0.471874952316284,-0.0102970758453012,0.988502979278564,-0.150848090648651,-1.27888870239258,-0.00157128437422216,0.150840163230896,0.988556861877441,-8.99999809265137,0.0,0.0,0.0,1.0]}