{"farClipRatio":20.0,"fov":45.0,"nearClipRatio":0.005,"projectionMode":"Perspective","viewMat":[0.867404699325562,-0.497602969408035,-4.0540668599931e-09,0.0,0.143526509404182,0.250190645456314,0.957499921321869,-0.200000002980232,-0.476455003023148,-0.830539703369141,0.288435518741608,-4.0,0.0,0.0,0.0,1.0]}