{"farClipRatio":20.0,"fov":45.0,"nearClipRatio":0.005,"projectionMode":"Perspective","viewMat":[0.990558981895447,0.137067422270775,9.50414147382617e-09,-2.13687515258789,0.121692404150963,-0.879442870616913,0.460186272859573,-0.418888837099075,0.0630773454904556,-0.4558444917202,-0.887824416160583,-6.19999742507935,0.0,0.0,0.0,1.0]}