{"farClipRatio":20.0,"fov":45.0,"nearClipRatio":0.005,"projectionMode":"Perspective","viewMat":[0.830012321472168,0.557744443416595,1.36641888914824e-08,0.008125064894557,-0.269207924604416,0.400623828172684,0.875801205635071,-0.240000024437904,0.488473474979401,-0.726925373077393,0.482672423124313,-3.40000009536743,0.0,0.0,0.0,1.0]}