{"farClipRatio":20.0,"fov":45.0,"nearClipRatio":0.005,"projectionMode":"Perspective","viewMat":[0.994360208511353,0.106049828231335,1.38875411170858e-09,-1.14187550544739,-0.0842782035470009,0.790221691131592,0.606998562812805,-0.293333411216736,0.0643720552325249,-0.603575468063354,0.794703483581543,-2.59999942779541,0.0,0.0,0.0,1.0]}